EC,TDS,pH,HCO3,Cl,SO4,Ca ,K ,Mg,Na ,NO3,Al,Co,Cu ,Fe ,Mn ,Ni ,Zn ,Y
246.3,177.3,5.08,70.15,27.329,9.881,41.3,5.86,9.49,13.7,1.597,0.406,0.0,0.0671,0.0,0.112,0.0061,0.0,0
1058.0,711.0,6.22,207.40000000000003,145.702,18.918,87.2,8.14,52.6,52.4,16.519,0.72,0.349,0.1004,0.072,0.2805,0.0914,0.0,2
137.0,99.0,6.62,70.15000000000002,12.382,2.155,6.98,5.35,3.31,11.3,6.487,0.0405,0.0,0.0,0.0,0.0042,0.0,0.0,0
1412.0,957.0,6.68,216.5499999999999,226.381,135.851,82.3,6.25,44.8,43.3,3.2,0.6805,0.265,0.153,0.0459,0.2085,0.0739,0.0,2
1254.0,863.0,6.98,341.5999999999998,129.445,68.583,102.0,5.0,107.0,47.2,2.57,0.6815,0.312,0.0508,0.0831,0.244,0.056,0.0,2
178.1,117.3,8.14,64.05000000000001,19.524,1.371,14.8,5.54,5.61,4.74,2.973,3.05,0.0,0.045,5.89,0.0502,0.0,0.0,2
3259.0,2033.0,8.61,365.99999999999994,618.142,89.987,94.9,6.01,78.8,173.0,20.674,0.519,0.0,0.0,0.0,0.1005,0.0,0.0,2
2768.0,1844.0,6.49,213.5000000000005,676.789,54.165,98.3,7.93,91.4,172.0,0.0,1.43,0.893,0.35,0.308,0.2625,0.3565,0.213,2
786.0,523.0,7.24,109.80000000000004,95.25,14.264,31.5,6.77,31.6,72.8,62.19,0.804,0.518,0.2465,0.14,0.114,0.2555,0.1645,2
374.0,259.2,7.99,128.10000000000005,9.247,9.769,24.7,5.49,13.0,66.6,0.0,0.7275,0.456,0.201,0.0707,0.0818,0.132,0.0538,2
126.5,91.6,8.1,48.79999999999999,14.551,12.548,12.4,5.56,8.04,17.1,3.482,0.577,0.236,0.199,0.0342,0.0457,0.15,0.118,1
189.3,128.8,8.9,79.29999999999993,13.991,1.834,16.2,4.74,7.89,17.0,0.586,0.62,0.259,0.1945,0.24,0.1885,0.1335,7.41,1
121.3,90.4,8.64,57.95000000000006,18.922,2.141,4.96,4.67,6.59,16.6,10.121,0.505,0.178,0.169,0.0,0.027,0.0793,1.3,1
105.1,76.0,7.74,60.9999999999999,11.517,2.168,5.09,4.6,7.09,13.1,1.195,0.5015,0.15,0.19,0.0324,0.017,0.1091,0.1185,1
776.0,543.0,7.67,189.10000000000002,91.24,18.299,94.1,4.16,44.6,68.4,1.826,1.31,0.604,0.2735,0.221,0.233,0.2835,0.166,3
141.1,95.0,8.1,61.000000000000036,19.213,1.633,10.3,4.18,6.19,16.5,20.022,0.5415,0.178,0.1565,0.0411,0.0385,0.1105,0.0,1
90.2,63.0,9.42,48.79999999999999,10.746,3.495,5.13,3.14,4.23,10.9,15.408,0.478,0.163,0.1635,0.0162,0.0394,0.0959,0.0593,1
77.1,54.9,9.22,54.90000000000002,28.906,1.025,3.85,3.19,3.49,9.85,26.91,0.473,0.17,0.1735,0.0,0.0184,0.1081,0.0377,1
76.8,53.1,8.85,45.74999999999999,11.576,0.841,2.41,3.07,2.83,10.4,8.993,0.4435,0.173,0.1575,0.0,0.0104,0.057,0.141,0
321.0,227.6,8.55,155.54999999999998,38.883,15.169,56.2,2.88,15.4,32.6,1.905,0.9855,0.387,0.2385,0.103,0.158,0.2085,0.227,2
124.1,91.2,6.91,57.95000000000001,20.154,4.046,11.9,2.67,8.94,13.7,15.211,0.5705,0.242,0.165,0.0064,0.0416,0.095,0.1665,1
229.4,163.2,7.37,88.44999999999996,11.168,1.587,27.3,2.4,13.1,24.8,9.711,0.721,0.245,0.1935,0.0618,0.0916,0.1725,0.1765,1
112.8,79.7,8.13,70.15000000000002,24.233,3.195,13.3,2.09,7.86,9.69,3.921,0.577,0.215,0.1685,0.0153,0.0446,0.1007,0.0561,1
129.7,92.4,8.55,70.15000000000013,16.589,0.982,2.43,1.15,4.56,18.4,6.487,0.4365,0.179,0.1545,0.0718,0.0061,0.0811,0.0582,1
383.0,270.7,7.47,128.1,56.988,4.238,43.7,0.642,34.9,32.1,27.425,0.892,0.33,0.224,0.1185,0.1315,0.185,0.0476,2
182.1,129.5,7.78,96.07500000000007,14.261,2.209,14.1,0.9705,14.4,19.7,2.939,0.574,0.186,0.1755,0.0364,0.1355,0.122,4.46,1
300.0,214.2,7.92,85.3999999999998,25.429,4.838,47.6,1.29,17.8,28.8,14.121,0.9035,0.369,0.227,0.0764,0.142,0.192,0.693,2
182.9,121.8,8.28,91.49999999999999,15.025,1.747,13.2,1.17,14.1,18.9,8.056,0.5765,0.262,0.1945,0.0329,0.0479,0.137,0.2905,1
182.7,131.8,8.52,103.69999999999973,13.928,2.363,16.7,0.9885,12.6,20.5,5.584,0.6145,0.187,0.1885,1.26,0.2455,0.127,1.04,2
130.7,92.2,8.49,103.70000000000016,8.633,1.967,17.2,0.0665,8.16,13.3,4.988,0.6105,0.227,0.1825,0.0444,0.0766,0.155,0.66,1
154.6,109.3,9.11,76.25000000000001,14.912,0.584,11.6,4.71,8.11,17.1,0.61,0.539,0.149,0.19,1.08,0.2355,0.1008,0.842,1
156.9,112.9,8.41,91.49999999999979,14.813,1.247,12.4,1.98,8.19,18.6,2.466,0.5705,0.249,0.216,0.0326,0.0441,0.1395,3.18,1
666.0,454.7,9.05,137.25,77.126,24.287,28.2,2.11,50.5,79.5,10.875,0.7365,0.411,0.24,0.131,0.1035,0.201,0.3605,2
333.8,226.5,8.71,42.69999999999998,57.952,4.861,11.2,1.92,19.0,37.1,52.267,0.51,0.295,0.2785,0.0357,0.0418,0.1105,0.1515,1
328.7,223.1,8.47,50.32500000000003,57.491,5.054,10.1,1.34,19.0,35.9,53.312,0.518,0.182,0.2245,0.0357,0.0409,0.0937,0.1215,1
669.0,449.0,7.87,70.15000000000006,68.718,13.31,28.4,1.42,35.2,66.9,79.89,0.7385,0.389,0.28,0.0766,0.0985,0.157,0.0909,2
887.0,607.0,8.2,198.25000000000003,141.747,14.182,59.6,0.494,54.0,74.5,42.943,1.04,0.538,0.3385,0.1295,0.1775,0.2625,0.0751,2
1534.0,891.0,7.54,222.64999999999986,204.283,27.205,71.8,0.4695,74.0,97.4,31.276,1.13,0.718,0.4245,0.1855,0.2015,0.284,0.122,2
1174.0,761.0,7.51,274.4999999999998,138.458,21.448,56.7,0.5125,50.9,89.0,52.109,0.9965,0.518,0.408,0.172,0.169,0.2595,0.126,2
1103.0,701.0,7.87,266.8749999999999,125.505,19.739,49.6,0.8985,54.4,84.7,66.188,0.9415,0.572,0.3135,0.149,0.1565,0.19,0.0749,2
1156.0,702.0,7.81,163.78499999999994,124.158,19.761,49.2,0.896,54.5,87.5,64.735,0.9435,0.504,0.39,0.1455,0.1525,0.226,0.1705,2
4359.0,2804.0,7.1,45.75000000000021,1282.145,167.169,851.0,1.78,4.11,116.0,6.209,4.73,1.26,0.903,0.4685,0.789,0.6445,0.476,2
3445.0,2236.0,7.32,33.55,1016.38,115.302,649.0,1.44,3.81,110.0,6.246,3.97,1.06,0.9105,0.402,0.67,0.5755,0.4555,2
1305.0,883.0,6.5,184.52499999999998,196.368,23.328,74.3,2.67,103.0,79.0,8.481,1.17,0.614,0.4735,0.2295,0.254,0.2695,0.1305,2
1198.0,757.0,7.4,138.77500000000003,185.721,16.63,68.3,1.08,53.3,85.4,64.441,1.12,0.523,0.4885,0.1675,0.1955,0.2295,0.1275,2
5206.0,3130.0,7.16,65.57500000000002,1399.8,196.79,851.0,1.98,7.77,115.0,6457.0,5.18,1.31,0.997,0.525,0.874,0.7,0.559,2
1439.0,947.0,6.65,225.69999999999996,255.678,26.629,649.0,1.46,55.9,96.4,7.033,1.19,0.565,0.5545,0.182,0.213,0.2455,0.1295,2
1741.0,1152.0,6.24,215.93999999999997,325.134,57.243,65.1,4.79,101.0,99.3,28.004,1.09,0.671,0.3905,0.21,0.29,0.261,4.82,2
1040.0,681.0,6.54,221.12499999999994,147.591,50.78,87.5,-0.1245,56.5,63.5,12.28,1.22,0.54,0.3925,0.2105,0.2765,0.283,1.74,2
1498.0,991.0,6.34,260.16499999999985,217.0,52.932,92.4,1.21,101.0,84.3,46.098,1.27,0.65,0.406,0.224,0.2455,0.297,0.23,2
2023.0,1330.0,5.59,216.55000000000027,418.99,65.084,180.0,0.981,200.0,80.6,74.28,1.86,0.965,0.4385,0.372,0.3575,0.444,0.247,2
1405.0,900.0,6.83,102.17499999999997,325.333,79.312,66.1,1.08,2.61,82.2,10.883,1.11,0.375,0.3455,0.0729,0.1755,0.1815,0.066,2
157.1,113.6,7.63,93.0249999999999,10.629,1.662,21.5,1.65,10.2,10.7,4.278,0.6055,0.134,0.2165,0.0237,0.0718,0.0752,0.6715,1
103.0,72.4,8.27,77.77499999999999,8.808,0.466,10.3,1.81,4.08,8.33,0.0,0.5205,0.145,0.228,0.012,0.2875,0.0776,1.62,1
86.5,62.1,8.23,59.47500000000004,7.689,0.547,7.43,1.97,4.21,8.01,1.66,0.467,0.153,0.1865,0.0,0.1485,0.0968,1.01,1
98.9,75.0,8.09,86.925,7.26,1.175,13.6,1.98,6.9,8.75,1.104,0.585,0.127,0.316,0.0302,0.0755,0.1012,0.4135,1
75.9,54.5,8.16,48.80000000000005,6.132,0.673,6.2,1.82,3.58,6.54,1.016,0.478,0.0933,0.21,0.4445,0.1385,0.1185,1.4,1
297.5,217.8,8.86,160.1250000000001,15.239,6.809,51.7,1.56,22.6,18.9,4.725,0.929,0.326,0.263,0.1065,0.3865,0.1775,0.691,2
503.0,363.8,6.89,28.975000000000023,111.819,2.527,20.2,4.35,44.5,33.9,81.762,0.6755,0.354,0.234,0.0984,0.0931,0.152,0.186,2
138.4,108.7,7.14,60.99999999999996,20.523,12.362,12.0,2.05,11.0,12.5,2.695,1.07,0.183,0.944,0.0481,0.0439,0.1002,0.0267,1
261.4,196.9,7.03,30.49999999999996,50.086,2.627,12.6,2.33,16.7,21.5,56.329,1.04,0.286,0.9435,0.0295,0.0603,0.1052,0.0151,2
461.6,340.2,7.34,114.3749999999998,69.438,15.483,107.0,1.97,20.6,24.9,9.02,1.62,0.381,1.21,0.151,0.2425,0.2065,0.3385,2
182.6,132.5,7.45,68.62499999999994,32.477,9.819,8.71,2.21,10.4,15.9,12.941,0.921,0.188,1.68,0.0323,0.7295,0.1125,0.0,2
136.6,115.4,7.74,47.27500000000008,35.848,1.834,8.53,1.11,7.86,16.9,3.298,0.6965,0.126,1.52,0.0455,0.21,0.1185,0.0833,1
709.0,489.0,7.46,183.00000000000017,87.664,9.491,85.3,1.94,34.2,54.0,4.476,1.23,0.528,0.521,0.175,0.2195,0.2545,0.271,2
519.0,350.0,7.91,42.70000000000001,85.762,26.581,27.9,1.77,33.4,27.1,13.603,0.738,0.286,0.361,0.1205,0.7065,0.129,0.382,2
95.1,70.2,7.61,21.34999999999998,21.874,0.996,2.3,1.01,3.21,8.48,3.372,0.4595,0.11,0.285,0.1355,0.0573,0.0655,0.2295,0
123.8,90.8,7.59,65.57499999999996,14.954,3.794,20.0,0.5105,16.6,19.3,4.527,0.6415,0.221,0.2755,0.0374,0.071,0.144,0.721,1
558.0,377.1,8.71,179.9500000000001,52.845,18.1,4.46,122.0,2.29,7.36,4.454,0.543,0.214,0.2335,0.2525,0.0205,0.0732,0.0177,1
206.3,146.2,10.61,68.015,17.928,1.187,3.0,128.0,2.74,4.8,6.228,0.621,0.123,0.212,0.1335,0.0593,0.0738,0.1269,1
120.8,88.9,9.46,42.70000000000017,15.839,1.009,10.6,68.6,7.87,8.14,6.409,1.1,0.186,0.2395,0.43,0.0984,0.0497,0.0435,1
1574.0,1138.0,7.46,183.00000000000065,337.621,112.918,35.7,67.4,45.2,63.9,34.679,0.739,0.354,0.26,0.15,0.12,0.201,0.116,2
753.0,534.0,8.86,76.24999999999979,111.249,44.251,41.8,68.8,48.8,76.2,75.204,0.7525,0.379,0.606,0.1415,0.137,0.2055,0.0725,2
368.6,249.3,8.72,94.54999999999998,66.802,3.266,20.3,28.3,29.7,62.3,1.122,0.593,0.262,0.227,0.78,0.137,0.0959,0.0719,2
596.0,431.6,8.59,146.40000000000057,74.155,11.026,37.4,244.0,42.0,41.4,42.876,0.621,0.297,0.182,0.0642,0.1265,0.1395,0.0041,2
619.0,422.5,7.57,91.49999999999999,117.091,15.237,32.7,235.0,46.0,61.3,70.17,0.578,0.251,0.229,0.0699,0.113,0.1495,0.0718,2
888.0,602.0,7.93,125.04999999999984,144.139,36.419,19.6,17.3,44.6,53.7,90.445,0.447,0.188,0.183,0.0314,0.071,0.13,0.0244,1
662.0,482.0,8.42,85.40000000000013,135.726,36.126,49.0,7.24,91.8,101.0,71.677,0.7595,0.479,1.96,0.23,0.247,0.215,2.98,2
814.0,572.0,7.42,147.92499999999998,131.855,17.431,35.3,5.08,33.0,95.2,7.553,0.625,0.337,0.4005,0.0728,0.615,0.1017,0.798,2
1705.0,1136.0,7.64,137.25000000000006,411.663,25.512,193.0,4.67,236.0,173.0,22.864,1.77,0.972,0.5225,0.3735,0.6615,0.404,4.48,2
1300.0,847.0,8.15,265.34999999999997,193.037,30.691,124.0,2.38,68.8,101.0,0.0,1.32,0.543,1.72,0.243,0.3205,0.256,1.74,2
3688.0,2383.0,7.76,699.9750000000001,653.681,77.374,37.7,2.42,39.5,73.0,80.051,0.6115,0.262,0.5895,0.0576,0.15,0.1695,1.66,2
1964.0,1273.0,7.58,128.10000000000002,435.502,66.115,89.7,3.23,102.0,121.0,3.365,1.06,0.532,0.392,0.1895,1.75,0.2235,2.84,2
1098.0,718.0,8.12,210.45000000000005,149.708,24.265,77.3,5.12,75.4,59.3,22.61,0.9265,0.394,0.299,0.1325,0.3175,0.1715,0.9185,2
2661.0,1750.0,9.93,35.07500000000007,808.917,8.554,126.0,3.21,148.0,107.0,6.224,1.33,0.707,0.3715,0.2455,0.4625,0.2705,0.745,2
1091.0,719.0,7.78,244.00000000000023,124.163,32.139,34.7,2.94,25.9,33.1,18.153,0.563,0.174,0.44,0.0432,0.1275,0.0802,0.187,1
2223.0,1465.0,9.5,353.8000000000003,380.078,38.975,93.7,2.59,0.407,295.0,7.152,0.2565,0.0,0.9315,0.0,0.143,0.0,0.0,1
162.01,44.4,6.05,48.8,17.799,5.589,9.26,5.84,6.6,9.99,1.544,0.9795,0.0,0.141,0.7385,0.0245,0.0,0.0,1
165.9,107.7,6.96,27.449999999999978,24.136,4.283,9.64,4.91,6.27,10.2,0.918,0.1018,0.0,0.0038,0.0,0.0203,0.0,0.0,0
171.5,120.3,6.43,70.15000000000002,22.877,2.475,15.8,5.32,8.93,8.76,0.958,0.139,0.0,0.0,0.0,0.039,0.0,0.0,0
105.3,71.3,6.36,36.59999999999998,26.407,4.511,4.13,5.45,3.16,5.91,0.875,0.0402,0.0,0.024,0.5435,0.0,0.0,0.0,0
163.7,110.7,6.57,70.15000000000006,23.582,4.649,10.1,5.37,6.34,6.77,1.138,0.1033,0.0,0.083,0.338,0.0186,0.0,0.0,0
308.9,190.9,6.6,100.64999999999998,42.013,7.575,9.19,6.21,13.4,30.7,2.766,0.1833,0.0,0.114,0.0,0.0269,0.0,0.0,0
147.7,107.8,7.45,67.09999999999997,17.976,5.834,12.0,5.05,7.61,11.7,1.674,0.2095,0.0,0.0,0.1215,0.0228,0.0,0.0,0
166.6,110.8,7.24,85.39999999999992,19.208,5.986,12.9,5.15,7.6,11.1,1.227,0.039,0.0,0.0,0.0,0.0284,0.0,0.0,0
1358.0,893.0,7.53,198.25000000000003,200.835,42.596,42.6,6.52,57.3,42.5,1.59,0.2995,0.15,0.0375,0.0,0.1305,0.0,0.0,1
130.8,96.7,8.06,67.1000000000001,19.524,5.845,12.0,4.76,6.9,5.03,4.243,0.183,0.0,0.2985,0.0,0.0231,0.0,0.0,0
689.0,468.5,7.33,182.99999999999997,109.444,18.851,35.8,6.32,38.1,60.3,2.931,0.907,0.468,0.27,0.1725,0.122,0.2355,0.149,2
242.1,159.3,7.65,76.25000000000001,36.959,8.597,18.3,5.49,16.0,27.4,1.417,1.04,0.33,0.206,0.281,0.0639,0.177,0.15,2
320.6,197.9,7.45,106.74999999999996,38.499,8.985,22.8,5.66,18.1,31.4,1.762,1.04,0.328,0.2025,0.2655,0.0807,0.1525,0.0792,2
136.7,81.2,7.31,33.54999999999998,26.538,2.774,4.83,5.17,5.78,14.2,4.524,0.5255,0.194,0.1745,0.199,0.0177,0.1195,0.0589,1
97.5,69.3,7.04,36.60000000000004,19.243,2.157,4.5,4.95,4.85,11.4,5.603,0.5585,0.166,0.1975,0.234,0.0153,0.0985,0.0754,1
132.9,101.7,6.28,45.74999999999999,29.953,1.879,6.72,4.74,6.8,17.9,4.368,0.7925,0.215,0.176,0.2245,0.0226,0.0563,0.239,1
109.0,76.8,7.98,48.8,24.049,1.663,31.1,4.37,5.66,16.2,1.478,1.11,0.238,0.196,1.5,0.1075,0.133,0.0591,2
142.1,100.5,8.24,65.575,22.382,2.134,10.9,4.29,8.29,17.4,1.075,0.622,0.173,0.178,0.544,0.0406,0.147,0.0059,1
105.3,83.5,8.5,70.15,18.776,2.52,8.55,3.89,7.14,14.8,1.826,0.784,0.279,0.1755,0.748,0.0339,0.1285,0.0629,1
125.8,85.9,7.9,64.05000000000003,18.708,1.307,8.06,4.18,7.57,14.1,2.65,0.522,0.216,0.1715,0.0787,0.029,0.104,0.0421,1
122.2,83.6,8.32,70.14999999999996,18.346,1.469,8.49,3.56,8.1,12.6,3.242,0.5085,0.174,0.1785,0.0137,0.0285,0.0712,0.0872,1
60.0,45.1,8.36,48.80000000000005,10.186,3.21,5.1,2.22,3.25,7.33,1.551,0.471,0.148,0.1775,0.039,0.0158,0.0879,0.0779,0
98.5,66.2,7.71,45.74999999999999,15.919,9.5,7.02,2.25,4.39,9.6,2.929,0.5465,0.188,0.175,0.192,0.0256,0.0971,0.1455,1
88.6,69.3,8.29,67.09999999999997,9.815,3.982,12.4,1.81,5.07,9.73,1.053,0.5675,0.194,0.1745,0.3285,0.042,0.125,0.0502,1
134.6,93.2,8.7,79.29999999999993,10.53,2.675,14.4,1.48,11.7,11.8,3.488,0.607,0.192,0.1835,0.0342,0.0509,0.1205,0.0677,1
211.1,145.9,7.48,112.84999999999987,16.888,2.506,19.5,1.24,16.1,23.6,3.645,0.642,0.222,0.171,0.0811,0.0674,0.0871,0.0,1
131.2,91.8,8.13,83.875,10.473,2.827,15.0,0.281,12.0,11.3,3.093,0.6115,0.195,0.172,0.0253,0.0525,0.1235,0.0709,1
109.5,79.3,8.44,91.49999999999999,10.363,0.784,8.5,2.37,8.22,13.0,2.41,1.16,0.21,0.1745,0.5815,0.0624,0.0849,0.304,1
96.7,70.3,8.58,61.0,10.728,2.016,9.0,1.18,6.82,10.2,4.477,0.959,0.189,0.2125,0.382,0.0343,0.132,1.01,1
374.5,257.7,8.8,122.0,48.888,15.963,34.9,3.18,23.4,38.3,5.221,0.7945,0.266,0.2995,0.0869,0.113,0.1775,0.1305,1
312.5,205.6,8.52,65.57499999999996,67.765,19.187,8.1,0.779,21.3,31.3,7.651,0.526,0.259,0.315,0.0633,0.0331,0.12,0.0973,1
87.8,58.1,6.9,194.89500000000024,129.317,48.665,48.5,3.5,52.5,67.2,3.064,0.923,0.493,0.481,0.1345,0.1565,0.2125,0.1345,2
900.0,596.0,7.33,237.90000000000038,159.81,9.472,47.3,1.93,51.9,69.5,2.083,0.915,0.495,0.469,0.1295,0.1455,0.2275,0.0696,2
600.0,418.0,5.86,146.40000000000015,105.029,15.751,18.8,2.21,32.4,51.4,15.304,1.64,0.328,0.274,0.7225,0.0754,0.146,0.5215,2
720.0,509.0,6.61,210.45,90.82,13.648,29.9,5.79,44.0,58.6,57.37,1.12,0.424,0.298,0.3405,0.1055,0.184,0.3335,2
750.0,530.0,6.36,170.79999999999993,119.345,15.14,25.5,0.7435,34.2,67.5,5.112,0.7285,0.344,0.323,0.2165,0.0923,0.182,0.0714,2
554.0,365.4,6.56,150.97500000000008,77.342,5.645,14.5,3.13,27.5,43.3,6.944,0.612,0.311,0.266,0.479,0.0562,0.116,0.1274,1
1732.0,1195.0,5.99,384.90999999999997,285.003,64.133,158.0,1.76,163.0,78.1,19.155,1.71,0.833,0.4635,0.3155,0.33,0.3865,0.233,2
1220.0,840.0,6.45,338.5499999999997,153.2799,16.482,90.8,1.3,85.6,74.4,7.491,1.28,0.64,0.323,0.2225,0.237,0.316,0.1445,2
781.0,511.0,6.22,106.13999999999999,115.446,3.932,44.1,2.9,43.6,48.3,1.493,0.8595,0.376,0.301,0.1245,0.1405,0.165,0.0192,2
98.5,86.0,8.34,70.76000000000003,13.763,1.872,12.1,2.09,9.56,9.76,2.142,0.986,0.136,0.1955,0.444,0.0428,0.1145,0.0,1
58.6,50.4,8.91,48.79999999999994,8.693,1.51,7.81,1.34,6.42,6.05,1.995,0.54,0.159,0.203,0.0306,0.0532,0.0667,0.4545,1
99.1,94.7,8.55,88.45000000000007,7.404,3.695,18.4,1.3,12.7,8.57,0.783,0.626,0.257,0.201,0.2055,0.0641,0.0977,0.1725,1
62.9,53.9,8.73,51.84999999999999,9.127,1.708,8.75,1.17,6.96,5.92,0.974,0.513,0.204,0.195,0.0977,0.0302,0.0935,0.1136,1
265.2,209.2,8.61,146.40000000000003,21.664,7.47,32.6,1.71,29.6,19.0,5.135,0.7455,0.27,0.217,0.0881,0.103,0.1495,0.0533,1
369.5,310.2,8.68,190.6249999999999,47.187,6.783,50.7,1.7,48.0,26.6,4.727,0.942,0.42,0.253,0.1029,0.361,0.2025,0.3935,2
134.6,109.5,8.91,88.45000000000007,11.502,6.083,18.7,1.39,15.9,12.9,4.916,0.65,0.196,2.72,0.0826,0.0853,0.0799,0.1445,1
79.9,69.6,8.46,51.85000000000004,14.226,2.489,11.2,1.52,8.43,8.16,5.823,0.5165,0.166,1.76,0.0504,0.0369,0.064,0.138,1
276.4,217.0,7.15,68.62500000000003,67.926,9.887,12.9,2.65,19.3,28.6,2.912,1.03,0.263,0.3995,0.701,0.0501,0.1063,0.1265,2
124.6,97.7,7.48,38.12499999999995,30.251,4.817,7.27,0.788,6.21,14.1,2.152,0.6135,0.11,0.462,0.4385,0.0335,0.1008,0.0258,1
77.9,63.3,7.68,24.400000000000023,19.85,1.591,2.2,0.804,3.03,9.82,4.372,0.4485,0.15,0.3105,0.0,0.1915,0.0575,0.3415,1
66.9,58.2,7.71,22.874999999999996,26.636,3.597,12.9,0.6645,8.63,9.51,1.66,0.5735,0.161,0.2895,0.0272,0.071,0.0941,1.82,1
220.9,170.9,8.26,88.45000000000012,35.042,7.951,56.0,7.12,41.9,54.9,1.388,1.02,0.427,0.3665,0.1595,0.169,0.2405,0.1432,2
714.0,532.0,8.89,158.59999999999985,147.043,11.889,42.5,4.39,46.6,61.7,2.938,0.882,0.464,0.3295,0.1355,0.1395,0.197,0.1046,2
730.0,521.0,9.35,167.75000000000017,161.05,5.063,41.8,80.1,46.5,59.4,3.086,0.8895,0.323,0.2775,0.1175,0.1375,0.1715,0.091,2
736.0,531.0,9.35,152.50000000000003,162.775,10.296,46.8,19.7,54.4,48.4,2.318,0.9355,0.497,0.3765,0.1525,0.154,0.2105,0.1175,2
648.0,471.0,8.98,198.2499999999999,121.768,15.958,25.3,8.06,19.0,17.0,2.715,0.7345,0.267,0.2915,0.974,0.0891,0.1104,0.016,2
192.7,150.5,7.45,91.49999999999999,29.132,7.913,39.6,18.6,15.4,16.1,5.708,1.26,0.23,0.2895,0.516,0.0733,0.117,0.0045,2
238.8,186.4,8.4,85.40000000000002,41.24,11.538,41.3,98.6,43.9,21.4,3.563,0.859,0.304,0.305,0.1615,0.1375,0.2035,0.0,2
331.6,266.0,8.72,137.25,44.08,10.533,72.2,135.0,49.5,28.5,2.713,1.12,0.423,0.331,0.178,0.414,0.2035,0.177,2
52.8,42.4,9.67,39.649999999999935,9.184,1.583,24.0,67.1,7.7,9.95,2.4375,0.6765,0.259,0.252,0.0749,0.7245,0.125,0.6915,2
38.9,31.0,9.29,27.144999999999992,13.118,2.347,10.5,80.8,5.39,9.26,1.89,0.565,0.13,0.231,0.0856,0.0508,0.1505,0.1555,1
95.7,75.5,9.26,60.39000000000001,14.59,2.181,3.44,95.3,2.92,4.55,1.464,0.4745,0.224,0.208,0.0198,0.0104,0.0889,0.0263,1
36.3,30.4,9.35,36.60000000000001,7.682,1.646,1.88,66.3,1.9,6.38,2.964,0.509,0.127,0.2075,0.15,0.0,0.0329,0.0,0
44.4,36.8,9.15,27.44999999999996,11.358,1.303,3.97,70.0,7.29,8.2,2.819,0.4435,0.132,0.2225,0.0,0.15,0.0206,0.0618,1
92.4,74.6,8.65,54.89999999999992,17.675,2.667,135.0,62.6,163.0,77.1,2.94,1.34,0.0797,0.3505,0.0989,0.28,0.0,0.0,2
824.0,608.0,8.59,186.05,154.028,21.384,57.5,63.5,60.0,169.0,3.457,0.932,0.573,0.336,0.261,0.181,0.201,0.118,2
2393.0,1840.0,8.48,137.25,800.803,21.516,3.93,57.7,4.64,44.4,0.0,0.283,0.0989,0.132,2.48,0.1285,0.0251,0.3005,2
630.0,470.0,8.13,118.95000000000007,101.095,9.726,31.1,208.0,36.7,71.0,5.859,0.575,0.247,0.201,0.226,0.106,0.0971,0.0053,2
713.0,540.0,8.26,213.50000000000009,109.869,11.266,17.8,60.2,24.5,56.9,9.759,0.4505,0.236,0.2125,0.0441,0.0599,0.1075,0.0332,1
388.0,276.3,7.85,161.65000000000015,57.959,3.316,26.7,3.28,0.114,20.8,1.632,0.0663,0.0,0.0,0.0,0.0196,0.0,0.0,0
2420.0,1549.0,7.8,251.0,497.0,64.2,88.0,5.0,68.0,267.0,2.0,0.3178,0.019,0.04,0.032,0.004,0.083,0.0,1
745.0,477.0,8.3,142.0,99.0,10.0,25.0,5.0,15.0,71.0,10.0,0.348,0.011,0.052,0.03,0.005,0.094,0.0,0
670.0,429.0,7.8,124.0,74.0,12.0,10.0,6.0,11.0,71.0,14.0,0.382,0.027,0.049,0.037,0.004,0.081,0.0,0
1110.0,710.0,8.1,140.0,190.0,10.0,35.0,4.0,25.0,93.0,7.0,0.393,0.03,0.042,0.03,0.004,0.076,0.0,1
1320.0,845.0,8.2,214.0,165.0,12.0,25.0,6.0,21.0,124.0,10.0,0.378,0.025,0.054,0.036,0.004,0.051,0.0,1
1490.0,954.0,8.1,281.0,182.0,18.0,38.0,4.0,32.0,159.0,19.0,0.3214,0.026,0.026,0.036,0.005,0.087,0.0,1
1334.5,890.0,7.8,223.0,166.0,29.0,32.5,3.94118,27.5,144.5,15.0,0.323,0.025,0.05,0.031,0.003,0.086,0.0,1
789.0,505.0,8.2,141.0,123.0,11.0,16.0,4.0,21.0,89.0,8.0,0.366,0.021,0.047,0.028,0.003,0.071,0.0,0
823.5,544.4,7.6,155.6,115.9,11.5,25.5,4.6,16.5,76.0,14.0,0.326,0.024,0.026,0.042,0.004,0.078,0.0,0
480.0,307.0,8.5,55.0,83.0,8.0,10.0,5.0,16.0,34.0,11.0,0.309,0.019,0.015,0.028,0.004,0.092,0.0,0
554.0,355.0,8.0,105.0,95.0,5.0,13.0,6.0,21.0,56.0,14.0,0.321,0.018,0.026,0.055,0.003,0.078,0.0,0
645.0,413.0,7.9,85.0,91.0,7.0,12.0,5.0,15.0,52.0,19.0,0.403,0.014,0.037,0.06,0.003,0.082,0.0,0
488.0,312.0,7.7,92.0,87.0,8.0,4.0,7.0,11.0,62.0,12.0,0.38,0.012,0.032,0.075,0.002,0.089,0.0,0
491.0,314.0,7.4,82.0,68.0,8.0,7.0,6.0,6.0,53.0,10.0,0.4075,0.01,0.045,0.083,0.003,0.092,0.0,0
392.0,251.0,8.1,45.0,65.0,5.0,5.0,6.0,10.0,28.0,8.0,0.3252,0.015,0.03,0.028,0.004,0.084,0.0,0
399.0,255.0,7.7,43.0,83.0,11.0,6.0,7.0,9.0,38.0,8.0,0.3515,0.029,0.24,0.028,0.001,0.085,0.0,0
657.0,420.0,7.3,55.0,121.0,9.0,14.0,8.0,15.0,50.0,21.0,0.336,0.023,0.025,0.024,0.002,0.092,0.0,0
897.0,574.0,6.5,55.0,157.0,11.0,27.0,12.0,16.0,60.0,29.0,0.377,0.029,0.013,0.021,0.003,0.098,0.0,0
658.0,421.0,7.2,87.0,125.0,10.0,15.0,15.0,13.0,84.0,16.0,0.323,0.025,0.011,0.022,0.003,0.085,0.0,0
470.0,301.0,7.0,37.0,91.0,7.0,11.0,5.0,13.0,33.0,5.0,0.331,0.025,0.03,0.029,0.004,0.09,0.0,0
1821.0,1165.0,7.5,226.0,223.0,35.0,55.0,12.0,39.0,104.0,3.0,0.366,0.016,0.037,0.025,0.002,0.09,0.0,1
3607.0,2308.0,7.3,459.0,524.0,45.0,175.0,124.0,28.0,278.0,12.0,0.3092,0.014,0.52,0.059,0.038,0.077,0.0,2
588.0,376.0,8.1,48.0,74.0,15.0,10.0,8.0,19.0,39.0,21.0,0.3328,0.0,0.268,3.146,0.014,0.077,0.0,1
9844.0,6300.0,7.0,1903.0,1531.0,51.0,115.0,634.0,101.0,1144.0,12.0,0.3697,0.022,0.073,1.377,0.239,0.111,0.0,2
967.0,619.0,8.9,214.0,66.0,35.0,59.0,6.0,30.0,22.0,2.0,0.315,0.013,1.111,0.092,0.076,0.1,0.0,1
751.0,481.0,7.4,78.0,141.0,13.0,15.0,14.0,28.0,65.0,15.0,0.3467,0.025,0.261,0.075,0.08,0.084,0.0,1
2807.0,1796.0,6.1,357.0,457.0,23.0,89.0,121.0,33.0,258.0,19.0,0.3425,0.009,0.201,1.022,0.062,0.085,0.0,2
468.0,300.0,7.1,12.0,50.0,8.0,12.0,4.0,3.0,19.0,14.0,0.32,0.027,0.147,5.488,0.021,0.083,0.0,2
1445.0,925.0,6.2,121.0,174.0,5.0,51.0,58.0,21.0,49.0,14.0,0.2755,0.014,0.092,0.096,0.138,0.085,0.0,1
557.0,356.0,6.1,104.0,50.0,6.0,15.0,10.0,12.0,26.0,6.0,0.3072,0.03,0.09,0.046,0.035,0.086,0.0,0
1723.0,1162.0,7.0,297.0,261.0,124.0,26.0,5.0,20.0,306.0,12.0,0.343466667,0.019818867,0.1229711,0.405977267,0.0257057,0.085063533,0.0,1
1040.0,666.0,8.1,177.0,166.0,16.0,17.0,6.0,23.0,103.0,22.0,0.3483,0.024,0.045,0.049,0.009,0.09,0.0,1
225.0,144.0,9.5,52.0,40.0,2.0,9.0,5.0,9.0,15.0,1.0,0.33,0.022,0.01,0.037,0.002,0.067,0.0,0
274.0,175.0,8.7,48.0,42.0,4.0,6.0,4.0,4.0,25.0,6.0,0.453,0.024,0.026,0.204,0.001,0.077,0.0,0
280.0,179.0,7.2,52.0,58.0,4.0,11.0,5.0,8.0,23.0,4.0,0.3418,0.029,0.037,0.047,0.006,0.09,0.0,0
902.5,590.9,7.0,84.9,193.5,26.0,29.0,10.0,25.5,87.5,13.0,0.3033,0.022776,0.061,0.035855,0.044534,0.089597,0.0,1
586.5,371.56,6.63,55.0,116.5266625,34.0,21.0,7.5,14.5,67.5,14.0,0.4025,0.232855,0.137351,0.340092,16.8149,0.225444,0.0,2
1352.0,857.46,5.575,155.5,248.0,58.0,45.5,15.5,27.0,118.5,4.0,0.3199,0.021138,0.04244,0.0267,0.005144,0.0849,0.0,1
15606.0,8446.4,6.665,431.5,4454.0,281.5,148.0,334.0,126.0,3033.5,24.0,0.3419,0.092256333,0.080263667,0.134215667,5.621526,0.133313667,0.0,2
292.0,191.3,6.4,76.05,53.9715125,12.5,11.5,5.0,12.5,31.5,3.0,0.3072,0.03,0.09,0.046,0.035,0.086,0.0,0
